<?xml version="1.0" encoding="UTF-8"?>
<beans xmlns="http://www.springframework.org/schema/beans"
	xmlns:xsi="http://www.w3.org/2001/XMLSchema-instance" 
	xmlns:mvc="http://www.springframework.org/schema/mvc"
	xmlns:context="http://www.springframework.org/schema/context"
	xsi:schemaLocation="http://www.springframework.org/schema/beans
        http://www.springframework.org/schema/beans/spring-beans.xsd
        http://www.springframework.org/schema/context
        http://www.springframework.org/schema/context/spring-context.xsd
        http://www.springframework.org/schema/mvc
        http://www.springframework.org/schema/mvc/spring-mvc.xsd">
        
    <!-- 扫描直接,只扫描controller包 -->
    <context:component-scan base-package="cn.zds.controller"></context:component-scan>
    <!-- 注解驱动,注册HandlerMapping和HandlerAdapter -->
    <mvc:annotation-driven></mvc:annotation-driven>
    
    <!-- 设置静态资源 -->
	   <mvc:resources location="/js/" mapping="/js/**"></mvc:resources>
	   <mvc:resources location="/css/" mapping="/css/**"></mvc:resources>
	   <mvc:resources location="/images/" mapping="/images/**"></mvc:resources>
       <mvc:resources location="/img/" mapping="/img/**"></mvc:resources>
       <mvc:resources location="/alipay/" mapping="/alipay/**"></mvc:resources>
       <mvc:resources location="/Angular/" mapping="/Angular/**"></mvc:resources>
       <mvc:resources location="/user_images/" mapping="/user_images/**"></mvc:resources>
       <mvc:resources location="/font-awesome/" mapping="/font-awesome/**"></mvc:resources>
       <mvc:resources location="/super/" mapping="/super/**"></mvc:resources>
       <mvc:resources location="/shops_images/" mapping="/shops_images/**"></mvc:resources>
    <!-- 视图解析器 
    <bean id="viewResolver" class="org.springframework.web.servlet.view.InternalResourceViewResolver">
    	<property name="prefix" value="/"></property>
    	<property name="suffix" value=".jsp"></property>
    </bean>
    -->
    <bean id="multipartResolver" class="org.springframework.web.multipart.commons.CommonsMultipartResolver">  
    <property name="maxUploadSize" value="4048576" />  
</bean>
	<!-- 配置拦截器 -->
	<mvc:interceptors>
		<bean class="cn.zds.interceptor.LoginInterceptor"></bean>
	</mvc:interceptors>
	
</beans>
